{
  "object_classifier_type": "OpenCVMLClassifier",
  "featureExtractor": {
    "feature_extractor_type": "NormalizedFeatureExtractor",
    "featureExtractor": {
      "feature_extractor_type": "DefaultFeatureExtractor",
      "measurements": [
        "Cell: DAB OD mean"
      ]
    },
    "normalizer": {
      "offsets": [
        0.0
      ],
      "scales": [
        1.0
      ],
      "missingValue": 0.0
    }
  },
  "classifier": {
    "class": "ANN_MLP",
    "statmodel": {
      "opencv_ml_ann_mlp": {
        "format": 3,
        "layer_sizes": [
          1,
          2
        ],
        "activation_function": "SIGMOID_SYM",
        "f_param1": 1.0,
        "f_param2": 1.0,
        "min_val": -9.4999999999999996e-01,
        "max_val": 9.4999999999999996e-01,
        "min_val1": -9.7999999999999998e-01,
        "max_val1": 9.7999999999999998e-01,
        "training_params": {
          "train_method": "RPROP",
          "dw0": 1.0000000000000001e-01,
          "dw_plus": 1.2000000000000000e+00,
          "dw_minus": 5.0000000000000000e-01,
          "dw_min": 1.1920928955078125e-07,
          "dw_max": 50.0,
          "term_criteria": {
            "epsilon": 1.0000000000000000e-02,
            "iterations": 1000
          }
        },
        "input_scale": [
          1.9133049270201807e+00,
          -1.0254945758858947e+00
        ],
        "output_scale": [
          1.0,
          0.0,
          1.0,
          0.0
        ],
        "inv_output_scale": [
          1.0,
          0.0,
          1.0,
          0.0
        ],
        "weights": [
          [
            4.4451918819248633e+00,
            -5.3466241537813151e+00,
            -6.9260957673073065e-01,
            8.1624279424782631e-01
          ]
        ]
      }
    }
  },
  "pathClasses": [
    {
      "name": "VEGF_high",
      "color": [
        42,
        210,
        225
      ]
    },
    {
      "name": "VEGF_low",
      "color": [
        238,
        66,
        231
      ]
    }
  ],
  "requestProbabilityEstimate": false,
  "filter": "DETECTIONS_ALL",
  "timestamp": 1729235594216
}